,A,B,C,D
2000-01-01,0.6128572714126888,0.7399062157872223,-0.8029026744766024,0.9498099680327673
2000-01-02,0.0001555730311024739,0.5980030062249317,-2.337250242448317,0.8638070310344604
2000-01-03,-0.6850989163526882,0.44406878565307506,0.8098722374110916,0.7072271257830073
2000-01-04,-1.5438660345399238,0.8697432546976173,2.4607033544137797,1.799068066669364
2000-01-05,-2.614655752305101,2.4454710519996015,2.93871548433463,2.0500686797926724
2000-01-06,-2.906707829415075,2.2788673736857823,2.1782374223704526,0.9501009038078458
2000-01-07,-3.2119458042817253,0.9070652185605101,1.2217448197460008,0.2456551562346706
2000-01-08,-3.1590686396603873,1.2582655667268459,1.1482554010812005,-1.7415937676063136
2000-01-09,-3.536896512922553,1.7088405700848714,1.5731204329993829,-2.6115980080399295
2000-01-10,-2.827168963728658,-0.026544040916431033,4.0524081224587265,-2.603698728280414
2000-01-11,-2.8317934898016075,-1.388541120643844,4.746296280583979,-1.7465626637231955
2000-01-12,-4.03662699308731,-0.4853167693457985,5.553794062130972,-0.9479363941013444
2000-01-13,-4.635747605225246,-1.3600900677560808,6.993561278850469,0.6604695904945858
2000-01-14,-6.6474417344774555,-2.015787009101299,7.302392085984306,1.1040712238897654
2000-01-15,-8.202495627194663,-1.383482861399852,7.917981884306429,0.4821302414654063
2000-01-16,-8.009991032055577,-2.2478497815023193,7.650778078072135,-0.03570805267455046
2000-01-17,-9.802777906805062,-3.295879465289436,5.868437818274167,-0.34669573008104854
2000-01-18,-8.01174906619923,-0.7505960173089758,6.1719001648730245,-1.9284473178535801
2000-01-19,-8.407783942415168,-0.7846467342947484,6.222706173790881,-2.5572565236678106
2000-01-20,-8.636911105007352,-0.604325666881907,6.449435346527447,-1.4356811663693423
2000-01-21,-8.818347352797991,-0.9012926968180925,6.064385155910932,-0.4771788270658365
2000-01-22,-7.245170445697976,-2.66194236639803,5.442063985402212,-0.7930527655458409
2000-01-23,-6.661197868009625,-1.9550634381962175,5.688824925393075,0.42522538827385226
2000-01-24,-5.9609135618683835,-1.0574253740921997,5.069478923100426,-0.8888894002426043
2000-01-25,-8.234488079360206,-0.3032264611282809,6.636720683326426,-1.2090673617170904
2000-01-26,-7.330698890956553,-1.3315986414910594,7.560976802409376,-2.732562408145289
2000-01-27,-6.876184291719133,-2.3852438474575495,6.657482661842985,-2.632545780873391
2000-01-28,-6.826740016151269,-2.566134713230829,7.7543816925023314,-4.403804455179338
2000-01-29,-5.797925962139216,-2.680401155409683,8.347294376172155,-5.055488813271753
2000-01-30,-6.695156820339212,-4.9083141895955595,8.067795193171875,-7.1738359132819145
2000-01-31,-6.25352125234171,-2.50974924392432,9.245553146453213,-7.564253160470748
2000-02-01,-8.17829162224741,-3.4886325867762533,8.76669090198462,-5.829589307181466
2000-02-02,-10.092977794872592,-2.821929436232508,7.349504444249498,-5.333324355483749
2000-02-03,-11.252911942516079,-3.181427011117692,8.31490084996915,-6.56402910198074
2000-02-04,-12.538905279455708,-3.6226640606818346,6.547936899880956,-6.580012041417877
2000-02-05,-10.693013862094292,-3.226291951589997,7.435636918693979,-6.004389873217583
2000-02-06,-9.88872191383925,-3.7967861459319114,6.789795702242113,-4.7178636295518155
2000-02-07,-9.718701795964904,-2.6026465458450896,7.331182075501796,-7.010524735432951
2000-02-08,-10.102788050416619,-2.1813593170097527,8.774300835810509,-6.92401604063384
2000-02-09,-9.87859287123296,-4.831243154042331,9.438730332606593,-7.85996563950632
2000-02-10,-9.908960800205804,-5.263709051061359,10.727270434591832,-7.952554890886936
2000-02-11,-9.866847061419456,-5.236615290104904,10.712294683024668,-7.352414511374579
2000-02-12,-10.911011688506257,-5.106445614395593,11.836936785341063,-7.523712298629202
2000-02-13,-11.317867179168104,-5.1671750134922165,12.895800730386851,-7.918913382240023
2000-02-14,-10.060659674270909,-5.157446822767613,13.926495697289829,-6.251025307449455
2000-02-15,-13.268000502778246,-4.295658983010319,16.976844022817296,-6.249185337750851
2000-02-16,-13.730884465297068,-4.138351716220688,18.26305998591843,-8.294270480454378
2000-02-17,-16.858857704392594,-6.059324214987828,17.338008162414535,-8.480888471433257
2000-02-18,-16.976698949262122,-6.986077355473424,18.174506848884576,-9.200220274583456
2000-02-19,-17.479752316549664,-7.582640048552536,19.17216177480914,-10.166295415787488
2000-02-20,-18.503725658540308,-6.173424737462022,20.34912337860772,-10.17167660276586
2000-02-21,-19.04723586641246,-7.275259344242816,21.326859405613508,-10.798311380413967
2000-02-22,-18.69898565886819,-9.172902823387746,22.118922509879393,-12.783445877794039
2000-02-23,-18.750077556836874,-8.546361932687578,22.24877414117536,-13.877394993441794
2000-02-24,-16.90590384636493,-6.205500556063434,23.24533477572063,-12.71027870221993
2000-02-25,-18.239285971568556,-7.541048725033466,22.16448124572466,-13.639127380553717
2000-02-26,-17.860293841758153,-7.4847520231573,21.162967589500262,-13.35641730804788
2000-02-27,-17.56165714481955,-7.886561569302235,20.569532565976306,-12.822566720464787
2000-02-28,-16.449884611703254,-7.1830079314612805,18.72715466115603,-13.749881547174034
2000-02-29,-16.342422742963937,-6.756797826374231,18.79593512560908,-13.043413161944542
2000-03-01,-16.44646366421338,-5.543020439157544,20.32431274072807,-14.10251948901709
2000-03-02,-15.502531088982657,-5.777410586613,22.02071493394421,-12.43065762870598
2000-03-03,-18.371345528522927,-6.66205551412804,21.941470792964424,-12.488321551659299
2000-03-04,-17.998837392863088,-7.817946718564183,20.713023365510647,-13.559429998980146
2000-03-05,-18.27197341830164,-7.313684230989803,19.32874679692336,-12.084886862895065
2000-03-06,-19.23603957521882,-7.316125100419619,18.47010258410957,-12.987444784013274
2000-03-07,-19.956384843670705,-6.6211522760140165,19.592466540690996,-11.952415458379061
2000-03-08,-19.22889975109953,-6.3393474225886015,20.55318855270439,-12.630516758919217
2000-03-09,-18.34638542179131,-6.021817233850538,21.86223368459875,-11.661813021330218
2000-03-10,-19.48270534346826,-5.219840089083532,21.736541897230943,-10.789101604322106
2000-03-11,-19.748766199359352,-7.147290816386328,21.75314485495452,-10.569426187938575
2000-03-12,-18.35823563969734,-5.7633546967584,20.566908658692935,-12.373278796519656
2000-03-13,-17.630121193756096,-6.1383434659368765,19.765362865776588,-12.55909968549327
2000-03-14,-18.57863855340837,-6.80391923075122,18.21494069354801,-13.013414369149668
2000-03-15,-16.777882044903993,-7.2042434583214465,18.18742302626938,-13.909620114950249
2000-03-16,-16.046791690312762,-7.894965185784653,17.58041211854073,-11.743748661204101
2000-03-17,-17.071825811154408,-8.280703755243454,17.01038562653678,-11.86486872908301
2000-03-18,-16.30549812192984,-8.491766912226154,18.03262909309464,-12.42818975620679
2000-03-19,-15.517586715565606,-9.60462416651964,19.007540895354744,-12.620059606620094
2000-03-20,-15.165208122081596,-10.172087997414346,19.516785418859335,-12.123511413963834
2000-03-21,-14.63617571721033,-11.388849445826425,19.18595328490647,-12.696397471555724
2000-03-22,-15.50826314380038,-12.5312260848691,19.376814240058806,-14.182749216628793
2000-03-23,-14.813285586829473,-11.948216665291671,18.969843349081685,-14.12520102342267
2000-03-24,-14.268229759668303,-11.85327790569651,18.13285960116201,-14.156488481323978
2000-03-25,-14.10138795182649,-11.676602780918202,18.96597410682615,-15.859014510737717
2000-03-26,-15.53148915714481,-12.178906384155708,20.710437001247456,-15.345113002621687
2000-03-27,-16.43667877194864,-12.710733122420743,21.00421850110341,-14.72087128520449
2000-03-28,-16.843948618705646,-13.134000501803223,20.126240660368218,-15.641291927210139
2000-03-29,-16.117026189642637,-12.836862279026663,19.30685106424821,-17.240586155707724
2000-03-30,-17.226740094751516,-13.112617457326824,19.878443774233407,-16.7528449291885
2000-03-31,-17.476694311509167,-13.030217096738824,20.25563075738876,-17.452641658815683
2000-04-01,-16.781951742041223,-13.893334198034744,18.821314207008196,-19.50288354912412
2000-04-02,-17.759105028615295,-15.247081932898254,17.551968526309118,-18.23151274031817
2000-04-03,-16.101850730519896,-15.0649688428372,17.45584641842464,-17.493360787584113
2000-04-04,-16.577464157059246,-14.14524453857347,18.187448970260878,-16.56432606748039
2000-04-05,-17.071157060223225,-15.445912611257407,19.055688122910592,-16.821781904468136
2000-04-06,-17.351368652887345,-13.585448007348838,20.257601054648017,-17.158680557908916
2000-04-07,-15.300836731021347,-13.460996851558637,19.045364033699325,-17.010046345056086
2000-04-08,-16.095526146680474,-13.989304661737476,20.260021092799363,-16.152229953861774
2000-04-09,-16.10816313505565,-13.88395296455445,20.32533237545029,-17.321485032267535
2000-04-10,-15.576044729619788,-12.694489146440361,20.657947262871332,-17.770516317561132
2000-04-11,-14.962388901229748,-11.292633469816591,20.872737568056078,-16.71059459525931
2000-04-12,-15.327116124821126,-12.258154530845953,19.920644065150473,-15.961441917950825
2000-04-13,-16.877577270788727,-11.87918221184575,21.156068995222416,-14.583523200198908
2000-04-14,-16.179347256734474,-11.571300289858824,19.57617830981554,-14.89813585556277
2000-04-15,-18.327820215772743,-11.245617884213761,19.7097213247603,-14.249633282730562
2000-04-16,-18.363322470363368,-11.081483749348235,18.713607455728255,-14.600402304757836
2000-04-17,-17.82981332546081,-10.269548229351043,19.38708180348591,-13.171241484987856
2000-04-18,-18.489191575873786,-10.920924099200118,18.949129035368667,-11.969028235618355
2000-04-19,-16.929139333105404,-10.47680905009331,18.980409497214424,-9.602863985809234
2000-04-20,-15.767029972915655,-10.122329155222701,19.55448426588823,-10.532260181742497
2000-04-21,-16.3737602163155,-9.527288805568169,21.02622474850442,-11.13331360087124
2000-04-22,-15.879527732456186,-8.585295963469887,20.458790214338126,-12.180972348319345
2000-04-23,-16.384824104414946,-7.9685481152134,19.414830504040367,-11.135688280517494
2000-04-24,-15.809001494294286,-8.239158114662477,20.494216097233657,-10.949141998214499
2000-04-25,-15.616209929305693,-9.469372571916848,20.03051390982066,-10.283910942531438
2000-04-26,-16.386451511002303,-9.414933701253652,20.479167529309258,-10.654914819060727
2000-04-27,-15.570050737537592,-8.550460047430526,19.580623158181606,-9.004150104026763
2000-04-28,-16.239301796118813,-8.78982316118854,19.353751494150266,-7.001809567477862
2000-04-29,-16.227869601037916,-9.463993353332269,19.219977625020384,-6.934349730342297
2000-04-30,-16.14051966340068,-10.237695221178505,19.78936553203585,-5.562556484196486
2000-05-01,-16.005458618129563,-9.750992706917383,19.665777269869736,-5.427365767019106
2000-05-02,-16.019635425385854,-7.8977817493648,21.334591763632897,-5.139099070271935
2000-05-03,-16.55283730666453,-7.889973830300454,22.375700976957198,-4.808069372961611
2000-05-04,-16.444531297386007,-8.371834583706802,22.01365010823666,-5.316534451390264
2000-05-05,-17.274296839972234,-9.523930779210835,22.949456212875816,-5.372446868758186
2000-05-06,-15.963294755955799,-8.547350727586478,21.766959411484162,-6.526569784661362
2000-05-07,-14.878862426198715,-7.775204679747153,22.16836560130514,-7.601570101515795
2000-05-08,-14.374005082514774,-9.01225219206746,23.50020881212582,-6.933033037557796
2000-05-09,-13.115103217125792,-8.958809314666457,23.453251766215438,-5.224207141228476
2000-05-10,-13.863480043819076,-7.885824059977775,23.62443969147556,-4.997476006238623
2000-05-11,-12.144229617515784,-9.92135348163258,23.26321005315482,-5.978384959703094
2000-05-12,-12.441923752579635,-10.298654667655933,23.636527965530636,-4.420008900706766
2000-05-13,-12.99952549915858,-11.216320912033984,23.078158131217148,-5.608180832399288
2000-05-14,-12.018477024327707,-10.843848099065546,24.12058250692046,-5.660783793116162
2000-05-15,-11.272617257310477,-10.928703336316904,23.95001824161176,-6.842733920608387
2000-05-16,-11.789399093263631,-10.549506029481224,23.459187518221903,-6.002617115077643
2000-05-17,-11.739872666591161,-11.082493377743111,22.069687600386725,-5.3841798100513145
2000-05-18,-12.452216442836274,-11.473571376687191,21.641971661659312,-5.621572010409211
2000-05-19,-12.501794453199876,-10.271415815157845,21.86990134015346,-5.280055717748128
2000-05-20,-13.54165294318839,-10.122943765422644,21.5704626015739,-2.9358989118388186
2000-05-21,-12.974358304110627,-10.598816248541631,22.591283911883316,-2.176789490567308
2000-05-22,-12.642483571921513,-11.072006587544166,22.390922298770807,-2.9761171107073756
2000-05-23,-13.353051615080334,-11.671483622403171,22.638440226972147,-2.4183426900080556
2000-05-24,-11.78668886419906,-12.594654891036095,21.546044657147192,-0.8873853971299464
2000-05-25,-10.521686344581648,-12.806250337307219,20.097121090506043,1.701060959283335
2000-05-26,-9.747972037348415,-11.700742954799399,18.98199989937352,1.3644040257666747
2000-05-27,-10.478793961992395,-12.008617576712926,16.73012324154041,1.127051597555051
2000-05-28,-11.131824702850018,-11.72460205148818,19.058577381239434,1.3581172477495287
2000-05-29,-10.07380598165522,-13.615172437058185,19.65893835126468,1.3592763204571683
2000-05-30,-8.818619049332636,-13.54191420522283,18.7269998343324,2.026302519192125
2000-05-31,-7.892526716876983,-14.043215317473502,19.0155469735606,3.5404996046018207
2000-06-01,-6.8334980917185835,-13.38568129005966,19.046554981763574,4.376378397187105
2000-06-02,-8.551238276023565,-12.816703103140402,19.06755817209029,3.9368400689478613
2000-06-03,-8.39411408491398,-13.841233506571601,18.871129428290505,2.6713838452158623
2000-06-04,-7.886508867730599,-14.264426239396748,19.960667663602994,4.082587010437119
2000-06-05,-7.277734694686499,-15.099465098985577,20.610249796796392,1.7635922738200946
2000-06-06,-7.642293090043274,-14.556313608325771,21.387472816797054,1.9484838602534884
2000-06-07,-8.553844605666765,-14.938739773881084,22.072366011739266,0.7230770778834064
2000-06-08,-9.872414894655558,-15.369584531184646,20.64562682473624,0.9552568738953877
2000-06-09,-9.895699948232886,-17.642681162434606,20.984438558849057,0.5964247134106255
2000-06-10,-10.790761599195363,-18.96714616864288,21.17344368470013,2.3318390779984943
2000-06-11,-11.23887663828008,-19.761771526611057,21.745430677843224,1.6057696661282956
2000-06-12,-10.81631152406345,-19.027653835747643,21.570178357165947,1.9442411087388838
2000-06-13,-12.198989421168989,-18.56093483536896,20.142127419712086,1.535779252819213
2000-06-14,-11.808086552704152,-17.931701612464096,18.703115913118168,1.5133942965949312
2000-06-15,-11.623315374768945,-17.050454746027967,18.659281336373773,-0.4909474982251303
2000-06-16,-11.747525917088362,-18.071581005711728,18.774826567118808,0.7777535386935459
2000-06-17,-12.222186093764073,-14.852310272846351,19.649880392972264,1.4478416307538033
2000-06-18,-13.432511458822686,-14.267860707402653,21.11662392941171,2.6367404901928775
2000-06-19,-13.114456023719715,-14.71758991474283,21.59805737485584,3.1300693197867435
2000-06-20,-14.299087635869649,-14.650166124983784,21.940905873572763,3.746760958122287
2000-06-21,-15.055081177692701,-15.309964021338011,22.174961575839838,2.719416501344935
2000-06-22,-15.888496423348123,-15.24761328144134,22.204393742640626,2.5746142867836808
2000-06-23,-15.395086684298775,-15.748263498771005,21.241549033107784,3.036383541225237
2000-06-24,-15.185910436834202,-16.29885695830818,22.567473661875876,2.5389841979072116
2000-06-25,-15.738278540092471,-17.98104379351967,23.084981800521795,2.3054577855115297
2000-06-26,-16.726256812183777,-17.751149788331762,23.272839883413408,1.7718624354646546
2000-06-27,-17.964580663610707,-16.10124102401292,23.371627245927236,2.0899538589075455
2000-06-28,-16.817738919768054,-17.160988138079514,24.154774799197124,2.5754034836547266
2000-06-29,-17.787259416685032,-18.35994647083973,24.290422445346174,3.828483011567081
2000-06-30,-19.185928034349644,-18.55336126507935,23.458109964826484,2.285448015207505
2000-07-01,-19.60290873072012,-17.264982561242554,22.96586301983375,2.100383247374948
2000-07-02,-16.367798445627486,-17.90334044323387,21.50278494220166,2.4289214490060944
2000-07-03,-17.097043610182393,-18.380295126089205,22.306890319744262,3.4300470278422726
2000-07-04,-17.16359663987662,-19.047048716607915,23.757770495957153,4.876129680658821
2000-07-05,-18.507363958623483,-19.556303002878405,23.210810482796497,4.37675607839566
2000-07-06,-19.778211666542212,-19.816142084960813,24.73967432105701,5.512163010292376
2000-07-07,-19.689691660012794,-19.239590627070033,24.331940006966782,6.0585868286058595
2000-07-08,-19.973572896523223,-18.68860872220635,26.34147289256146,6.57768737836946
2000-07-09,-19.955298800790693,-16.853043918782582,26.51863080966009,8.650024462367938
2000-07-10,-18.538120777537806,-15.52846643679273,26.156319399093192,6.790223109062263
2000-07-11,-18.031333538832044,-15.40663677538295,26.45649704729742,7.580368347529627
2000-07-12,-16.81076770723962,-16.548893660688158,26.10613036659073,7.861403021188847
2000-07-13,-17.19906751226441,-15.497776480825241,25.969869671145055,8.631688645722036
2000-07-14,-16.583193628006917,-14.765184891416729,28.171628055783433,6.9612681382787125
2000-07-15,-14.773569477270968,-14.360619118328705,27.215442892731524,6.696293691328333
2000-07-16,-14.904733795742956,-14.485587158862078,29.07165994333789,7.339183817666523
2000-07-17,-14.727463664589926,-15.432889485359976,27.55954271818205,8.830644898787643
2000-07-18,-16.388816215034716,-13.66509110592961,28.89582067183416,7.040922153168288
2000-07-19,-17.392841114489464,-13.604040536824998,27.57784578087252,8.426071890127298
2000-07-20,-18.147967718734595,-11.931405928035664,26.171409347841546,9.140379832240608
2000-07-21,-18.895267462751786,-12.457590494385625,26.605749870230017,11.114884449954625
2000-07-22,-18.327914837344434,-14.569989226222283,27.567449486859452,13.161566243313686
2000-07-23,-17.795793058617313,-15.63072050463973,28.812242422685063,12.59306287251242
2000-07-24,-17.685041623661817,-16.125665697564855,30.55081362261024,13.497153832714522
2000-07-25,-17.678825712524475,-15.98941129664329,30.571006855752355,13.45339081322829
2000-07-26,-18.57418189004959,-16.020696391520875,31.362838447450358,14.600170594798591
2000-07-27,-20.395645172946573,-15.733947509296181,31.413852393258743,16.847240338113863
2000-07-28,-21.794167060423863,-17.077552466114867,32.812332210780376,18.689728363881674
2000-07-29,-20.598303994776998,-15.85382063581793,32.77262841476772,19.398256598177447
2000-07-30,-21.685309788786274,-16.620895629186563,31.009165051910674,18.711609467192176
2000-07-31,-21.13989572781213,-16.097701623235064,31.23716367244252,18.048053130928793
2000-08-01,-21.622865226066445,-15.87087833916291,31.51809129846163,19.26237687652344
2000-08-02,-21.214092049833972,-16.539280012929865,30.173454024747194,19.065309780888622
2000-08-03,-19.607986274727985,-16.488396816151436,31.1206059787843,21.202671546441145
2000-08-04,-18.234321991266707,-18.13359625819034,28.899446806141036,21.019399711166457
2000-08-05,-17.32776572565233,-19.139851313811665,28.89391566107056,22.95884908951619
2000-08-06,-17.111028231448095,-18.828534721356302,30.843025085992608,24.2683656088436
2000-08-07,-19.45944064929804,-18.81594405556041,29.180848992718637,23.366287652603628
2000-08-08,-17.65848019144656,-20.04937176735956,29.074337000544915,25.07447841452602
2000-08-09,-18.08723066629887,-18.877114386385642,29.13455520780312,25.240685390527847
2000-08-10,-16.926632202730918,-18.254067350763943,28.50018793028787,25.459192431500306
2000-08-11,-18.698476101304546,-16.79416872897172,29.975161454914495,25.42310975440237
2000-08-12,-19.809936497164255,-17.31808501076854,29.678075807943642,26.254587522662565
2000-08-13,-20.281893833421048,-17.09228825728452,30.890346299394288,27.37664111107488
2000-08-14,-18.698697236768403,-18.329933612991752,31.12485891778442,26.777420635249968
2000-08-15,-17.984736808779033,-19.651830490714953,32.156082332037016,25.797871064614927
2000-08-16,-18.074586790784895,-20.678893277092733,33.17392945528454,25.802975190399444
2000-08-17,-16.47164989519895,-23.090133674028177,32.55708929441061,26.738675046305985
2000-08-18,-17.117036786049752,-23.164648079582676,32.57807688007867,28.403502803984626
2000-08-19,-16.44775381515809,-24.19935369661112,34.18095184409107,28.457554688912488
2000-08-20,-15.681888503736184,-23.67192976388399,33.59040019175265,28.452679715209992
2000-08-21,-15.597389337608426,-23.09329391585756,33.193876097909396,29.043832657713693
2000-08-22,-14.764915298058044,-21.589189466332158,34.25220851324996,29.6115172563521
2000-08-23,-15.481343179802943,-22.160601690745125,34.24233772019236,30.069145340636265
2000-08-24,-14.337003671324286,-20.501694322456462,33.40890630498344,30.32099530168324
2000-08-25,-13.223035707285653,-20.87509203745082,34.274171997759666,30.918212513249074
2000-08-26,-11.493772452705198,-20.1256277386236,32.936999604681134,30.74512410553783
2000-08-27,-10.783589620981934,-20.45267584565373,33.69913724643531,29.992712399443555
2000-08-28,-10.488107923721946,-20.83311962340519,33.911198628396384,30.278718514802318
2000-08-29,-10.527399887620462,-21.217993590394,34.16860045358447,27.44753397859034
2000-08-30,-10.4783036314709,-19.064824664420147,34.40383657880391,27.51981267933447
2000-08-31,-9.898426661710275,-21.347476209292463,35.25517259428517,27.699689634434343
2000-09-01,-9.036784620777171,-21.35327061469194,35.621672149582615,29.15925917319815
2000-09-02,-8.800866391481023,-21.080865216380335,36.21557065511957,28.901310308531325
2000-09-03,-8.677357233720357,-19.772171655078807,36.81167376855528,29.739292416585066
2000-09-04,-7.555789917817108,-19.51678593807059,37.09097999796623,29.525133047405927
2000-09-05,-7.039331931905625,-19.183409233968018,37.12741112112278,30.233823242998866
2000-09-06,-6.863341297209655,-19.978193047015562,37.82831854203624,29.761554003455213
2000-09-07,-7.7921543958714565,-19.874031878958892,39.16644070881991,30.940382530987346
2000-09-08,-8.46911900595417,-19.960377739718734,42.159517942161855,30.45622729033283
2000-09-09,-8.412291815740392,-20.705493549588986,42.5115589865534,29.53433875184559
2000-09-10,-7.4731504385219,-21.517626426650637,40.76961294155582,31.487854590650212
2000-09-11,-8.867885612486123,-23.16959673880541,41.49869867105666,30.855888858939014
2000-09-12,-7.737202924646052,-23.763849734668874,40.46348521760739,31.861845203138145
2000-09-13,-8.09187525307599,-23.493676436063836,40.352542585241096,30.52215617298703
2000-09-14,-8.002997167884356,-22.922265734253372,40.57671597726034,29.86052415577735
2000-09-15,-7.815213745741387,-22.198742507814007,41.45473329100787,28.249894128714605
2000-09-16,-9.078022430933238,-23.72634542973536,39.986970991487276,28.698065756972955
2000-09-17,-9.288960154007173,-22.790058950059755,40.722221164714334,29.314247384298586
2000-09-18,-9.269880747763176,-24.140565468205956,40.350237056472615,27.98993765369694
2000-09-19,-9.862459287835042,-23.954874532833873,43.51218513042827,26.97699836572218
2000-09-20,-9.209644911658978,-22.674464017093225,43.13859824404748,27.208541841292803
2000-09-21,-9.734451502504392,-22.720151303823478,42.172038535286276,27.608606625510863
2000-09-22,-8.88578161871386,-23.27539159119394,42.92940752836703,27.355027386065515
2000-09-23,-8.173002367649968,-22.9932703485961,42.51706094663771,27.50779009016575
2000-09-24,-7.439430812281092,-20.57521832335198,42.14210640513128,27.5505448180518
2000-09-25,-7.644435461878,-21.40952126156128,42.380513728341725,28.296761219281283
2000-09-26,-6.389017307233818,-22.1212750785813,43.373024537837736,29.267770144630802
2000-09-27,-7.62672172655548,-21.808127388181095,42.34916139357381,28.589254159842923
2000-09-28,-6.922037806556695,-20.678943912366957,43.04701758468593,29.25341954332757
2000-09-29,-6.908274814137924,-20.94909307791284,43.68544467525295,29.837110391732562
2000-09-30,-8.841768665474813,-20.65264880764636,44.376627112022796,29.69847187418932
2000-10-01,-7.600592519946593,-20.569983130845753,44.34112027711257,29.90839821729628
2000-10-02,-6.219520389546958,-19.156608009267806,44.83103159845823,31.340339939136058
2000-10-03,-5.009475326675814,-18.435078857507513,44.698209060384144,30.96436781641811
2000-10-04,-3.456840851198823,-18.07036223023515,46.52518290202632,30.602623113612797
2000-10-05,-3.2321846299460875,-18.15238723177286,46.72253194073468,30.834679809901132
2000-10-06,-5.66594549861936,-18.819968632741297,46.715527391604056,33.012632933492846
2000-10-07,-5.412388651226197,-18.29511851845907,47.45048847032186,34.4293161829044
2000-10-08,-5.756187916150486,-17.922674924406945,46.47963995781389,35.93378940682099
2000-10-09,-4.814427331091907,-18.308763529948468,46.292074619388565,35.52881841202432
2000-10-10,-5.686841432391499,-20.540339876978674,46.41731354408812,34.925316462047356
2000-10-11,-5.282916619335363,-21.051136413151433,46.34583548498873,34.984918415848874
2000-10-12,-5.829357844364866,-20.964368806503682,45.00089319734575,36.773172506096394
2000-10-13,-4.875127535688681,-20.412702805651204,45.563660005747074,37.64389401930126
2000-10-14,-3.880928088381239,-19.623785623759147,46.59011500629303,37.996804935906034
2000-10-15,-3.447092305715738,-17.87843121712254,47.091175932439654,38.36780009030106
2000-10-16,-3.6674387743768024,-18.12508720933799,47.565015739760625,36.74105980984118
2000-10-17,-3.0014068746522944,-18.30132239564939,46.75839463460075,36.27138712495526
2000-10-18,-2.067832404127902,-20.080771936876232,46.57738276705808,35.95835213240207
2000-10-19,-3.3205775427843003,-16.718303668955745,45.36638112916872,35.22874230598919
2000-10-20,-4.48711971088939,-17.811547161276547,44.12802355308756,32.490231557418504
2000-10-21,-4.5805693416495235,-16.758547256894843,45.32169277254471,31.55580026980316
2000-10-22,-4.492342254533033,-16.979305624031646,44.58020170631036,31.426891483880624
2000-10-23,-3.866368217764249,-17.39017064428485,47.851960698057624,30.75964844058222
2000-10-24,-3.461693244154854,-16.182027460809387,49.53974006794063,31.336520142455264
2000-10-25,-3.6885043945346423,-14.32168767655237,49.83385563169639,33.16695568050032
2000-10-26,-3.0952128670057233,-14.821031700056434,47.85618986805902,32.266886701353826
2000-10-27,-3.2830610023373086,-16.068846493515608,47.104336015249324,31.874716271905513
2000-10-28,-2.8887822434526402,-14.712891327476212,48.48988725241695,30.849182031112573
2000-10-29,-3.791986880728777,-12.591438558003357,48.36460500655332,29.647486557962274
2000-10-30,-6.530616569369791,-12.573463461865652,47.176369106631476,30.26245234394282
2000-10-31,-6.946880309792564,-12.661719292602601,48.25316684351779,29.742281454392465
2000-11-01,-3.5729013212299403,-11.513407593208633,50.01657522789869,28.93018767504759
2000-11-02,-3.72661516638294,-11.709488426094547,48.80666414573843,29.541516670612932
2000-11-03,-4.426132090086828,-9.406290021274163,48.534717213439706,29.760093429587908
2000-11-04,-5.1924329195230925,-9.325453677361212,48.606654521310794,31.050902057330877
2000-11-05,-4.415161610317032,-8.933418152070113,48.60637811161237,30.49350084180238
2000-11-06,-3.8946343554624097,-9.615078781238465,50.15129322388313,28.826986793644412
2000-11-07,-4.106570250250272,-8.122490902680344,50.106178303987136,30.44030496056512
2000-11-08,-2.6706101569836336,-7.709793341422443,51.725357756531864,30.93961068758873
2000-11-09,-3.94359322081475,-9.513701186819432,51.99100808545779,29.859312471692053
2000-11-10,-3.465102581143038,-9.56706722380182,50.7079128643814,29.402058343774552
2000-11-11,-3.7547111846692856,-9.435480224532544,50.024725383161446,29.387685114869225
2000-11-12,-3.9313196866342657,-8.130809849802796,50.39397356200519,29.98151699836325
2000-11-13,-3.8276056641809957,-5.846549421656837,53.63755468365906,31.53013532747591
2000-11-14,-2.2923852772467628,-5.08726566454675,52.99981191391231,31.926032431119793
2000-11-15,-1.6656598996585386,-6.381041978387081,53.024564660632656,33.84533653367047
2000-11-16,-1.3542110376143905,-5.052473026426783,53.35730295495966,34.71201427886581
2000-11-17,-2.350938577496817,-5.6500268038770685,54.41562232977899,36.19908366669414
2000-11-18,-1.942824968063862,-4.942886720873936,56.031831164973894,35.69294745492321
2000-11-19,-3.6535830520909425,-5.666239881863015,56.64892461903511,36.00213000284112
2000-11-20,-3.0971917920177527,-6.6955388662429955,57.0699881792013,35.97329290433758
2000-11-21,-3.754792367444241,-5.495562663557195,56.18774046929838,35.05184022814001
2000-11-22,-3.374992620941803,-4.429224963493674,57.29181577624429,34.903257462639914
2000-11-23,-1.7448301619015751,-4.1825313122653585,58.29380100565521,34.942894382357004
2000-11-24,-1.7170957239306857,-4.412544671440919,60.104565283251894,34.88423759559849
2000-11-25,-1.1008103208141664,-5.630143575769124,61.076894227324146,35.172634848488045
2000-11-26,-2.7203533956761357,-5.01268722176497,61.570420586282616,35.16824604305502
2000-11-27,-1.6723309633958292,-5.8564524143098335,61.410526286640426,34.70357216567983
2000-11-28,-2.0829812923060067,-3.6791234246527664,60.37391573489817,34.186936555241886
2000-11-29,-2.2288479862968344,-2.779071927354812,59.13614542988872,34.046211950303764
2000-11-30,-2.0752911525004447,-1.75904793703911,60.32476671835019,34.19224756095605
2000-12-01,-1.6670222647690425,-1.3383903007744957,60.99427027986138,35.76895575740673
2000-12-02,-1.3577461091431422,-0.4738135142595863,61.336942320183816,35.103759465456434
2000-12-03,-1.1041933193563238,0.030652853457404095,62.032628187122064,36.32225670664563
2000-12-04,-1.4235655702528254,0.14008225045842743,62.59315441831223,36.86935431020777
2000-12-05,-0.05007611942993928,0.6868635429292578,62.7074218332485,37.23882439659874
2000-12-06,-0.36420086229451154,0.17829107710720993,64.0249411738442,37.7257406005821
2000-12-07,1.2412547528074125,0.4565847907629406,64.99570732238004,37.239566687347796
2000-12-08,3.1126062550233344,-0.41184098540980046,65.83877441426957,37.67928563906691
2000-12-09,3.1492860797211084,-0.7285415627473062,64.98441324239857,37.566345162273784
2000-12-10,3.6828481294873203,-1.145751633141954,64.6966799676006,37.14962025255924
2000-12-11,4.170019527164856,0.832875934047139,63.80599622652029,35.528764723095506
2000-12-12,5.525240910013223,0.45318487043256084,64.36278438078672,35.53168854281787
2000-12-13,5.803048969789986,0.40028298913970445,65.43014566826979,35.47054045093947
2000-12-14,6.404149400488118,-2.268252585544492,66.17430997027348,33.23107159082184
2000-12-15,6.592647403194077,-2.1904793574755503,66.36091257262811,32.25409006745685
2000-12-16,6.574760992816242,-2.6721913313906818,67.54353717539864,30.92898370514351
2000-12-17,7.059999061413666,-2.8512412118817108,66.20012012331321,31.436976540381494
2000-12-18,6.812975129901272,-2.547772170675506,64.87474096799133,31.695751605107212
2000-12-19,8.482699780993714,-3.5262390067961515,63.64436341766945,32.72417879103903
2000-12-20,10.320175518855166,-2.6096908736429985,63.965119875358766,31.782592931247734
2000-12-21,9.365338508333341,-3.698723934278928,63.683548927896766,32.2864159461756
2000-12-22,10.412625015582062,-4.082939554954982,62.47018194254955,31.96575075111433
2000-12-23,10.033613970016548,-3.3266630336819825,63.36691847519741,31.84504045744484
2000-12-24,11.067114982591136,-4.3205961659529954,62.9481055263943,31.544117158277462
2000-12-25,10.769283961494086,-5.416267111982027,65.73401475005248,30.21288447158783
2000-12-26,10.522004889678186,-6.518988975173248,65.31594573840627,30.673344567568012
2000-12-27,9.691470757824304,-6.442606240062734,64.04727930131628,31.003514675867894
2000-12-28,9.599223524446648,-7.219941968596489,62.373080234336356,32.3845498999157
2000-12-29,9.385542676297883,-6.745669917335807,63.33047648856007,30.26149457179092
2000-12-30,10.532320002790737,-5.737058102336029,63.309634416970304,27.574185106733275
2000-12-31,9.9602160681044,-6.328575205668398,64.08185747279529,28.190250388215535
2001-01-01,10.830139014344917,-8.329899273995585,62.51111648664226,26.7655769372227
2001-01-02,10.204424003489565,-8.821054080320819,63.24359574507431,26.406302742000232
2001-01-03,11.183864062579014,-7.849439858232654,63.310336968716385,24.52789776064222
2001-01-04,11.089632436611819,-8.680182426081164,63.35954054499732,23.749990303387175
2001-01-05,9.47961149478643,-7.29678804981931,63.18268739292841,25.48741424164856
2001-01-06,11.124104481332466,-8.429548106843825,63.92513145879783,27.263064271785844
2001-01-07,11.81348218249163,-8.260103276207554,64.49663950264805,27.778255936091707
2001-01-08,9.729871882325474,-7.459883662561958,63.47260982963651,27.69093691028698
2001-01-09,9.289106520150153,-6.793450510873971,63.721627324881645,26.39511809087031
2001-01-10,9.8198909542735,-7.26446037722969,62.41208374299505,28.32362667558719
2001-01-11,9.771071282061012,-8.403059677338245,62.9028702912687,26.393722175711087
2001-01-12,7.607148567460436,-8.461451378529668,61.94426078259621,28.002972263766054
2001-01-13,6.457738007127661,-7.1824539855788245,62.4585451598257,26.68075634971966
2001-01-14,6.790894991287983,-6.871381752049494,63.981977688280566,26.412444463698005
2001-01-15,8.308399989791905,-6.503008179946258,63.97618073839723,26.227911132371077
2001-01-16,9.019186688839985,-4.132689401240931,62.76214084496698,27.53373435247606
2001-01-17,10.379379729898938,-4.591366248582561,63.72771065040131,27.91044805418899
2001-01-18,11.03726533463848,-4.604494778979847,64.37350421153307,27.618530510058896
2001-01-19,11.648335884409247,-5.158792433190447,64.22838328338405,29.09348794237867
2001-01-20,11.68854110198539,-4.4647365672048815,65.25176827764497,29.23847550451146
2001-01-21,9.88949954266334,-4.042810728932347,65.60752217873588,28.778530438452563
2001-01-22,8.848338096949162,-3.6216026336025555,64.50962310793128,28.9412692254938
2001-01-23,9.396546549053149,-4.134603316834018,64.12230335501313,30.049905833120274
2001-01-24,9.783064083947654,-4.2143683633093545,64.92656326679963,29.64772181772447
2001-01-25,8.742561144662247,-5.1186892817577565,65.23044273175124,28.74069359121941
2001-01-26,7.721521233347179,-2.57910550668203,64.44975002515864,27.95022047421359
2001-01-27,7.437665408852634,-0.8307219694223775,64.25777232501093,28.353223987561694
2001-01-28,6.663911284848121,0.19421382307903623,63.86503560725904,28.447847858178307
2001-01-29,6.138088875735625,0.9010314799250417,63.50319537554371,27.856964543956174
2001-01-30,5.217058312293486,0.5624198746310156,63.34249986419,27.83972910533262
2001-01-31,3.4123062197173866,-0.5483461072306701,62.5560750590557,29.911865718613033
2001-02-01,2.916037081394338,-1.484029108278315,63.7456799872705,29.03517789743783
2001-02-02,3.4124851475748468,-2.6243024834950646,65.5103704381143,27.89632955649123
2001-02-03,2.51921772032234,-1.134851615333784,65.07735118201435,26.627731726346124
2001-02-04,1.7844977151117418,-1.3010572417315793,65.0327518386175,26.412395514755207
2001-02-05,1.4221404963384054,-1.6175780354392568,64.70765982982392,26.671214141500396
2001-02-06,0.41474473334549145,-0.9945833749995182,65.15315869611915,27.345683024438305
2001-02-07,-0.3045101988927713,-0.937024892215919,65.29401850912468,26.716549470182006
2001-02-08,0.029680132158123373,-0.9482653761484315,64.11161654759988,28.650086768825208
2001-02-09,0.09063595155886686,1.1087465517836432,63.47319032718849,29.033198711094958
2001-02-10,-1.066916102737655,1.2544054072655315,64.01878922777412,29.83780119447825
2001-02-11,-1.7863009342628575,1.2508826113924738,64.11601552084255,30.556662088686608
2001-02-12,-3.4952810845430884,1.2176610650712896,63.154082049509405,30.999611461400693
2001-02-13,-4.975741238543487,1.1834796902745968,62.6990649654002,30.50853715136473
2001-02-14,-5.234340806161431,0.9750950741826477,61.525556578059884,30.215408529336944
2001-02-15,-4.188404543711717,1.6928349259326778,61.46694625866763,29.861543086945275
2001-02-16,-3.1820113947112936,0.7469923685592039,63.701317239000666,27.973701932079706
2001-02-17,-2.9951669011067974,1.248093140016596,64.96751758222392,28.18119008170499
2001-02-18,-1.7390523074076796,2.4363004797786187,64.51076980763274,28.59341973106343
2001-02-19,-2.0802690102848143,2.347646948856453,65.08123990652244,28.516872100493508
2001-02-20,-1.587368219668786,2.4541020993338827,65.31408653118378,27.791801582631834
2001-02-21,-2.2026593046038574,2.7345387760330793,65.46869404347133,29.442327171663187
2001-02-22,-2.3036652853149984,2.4544369825221994,65.2587632012691,29.630974700811045
2001-02-23,-1.2258070911634775,2.8403845313847578,64.0593004253442,29.87247523711746
2001-02-24,-0.6665695211242492,3.374665358186765,65.55797540443892,29.837353026673508
2001-02-25,-1.45247932381959,2.306591612059143,65.58788633312932,29.145938644062166
2001-02-26,-0.9448004968323472,1.3092174032291242,64.50054672130825,29.110252386050462
2001-02-27,0.12630248281820633,0.44877371744822736,64.45692797462618,31.397081904969685
2001-02-28,0.6255369614225137,0.47778515594024046,66.06199711787518,32.064902474790856
2001-03-01,-0.6303797029576068,0.6512244515763144,65.41701197289734,30.395276606571755
2001-03-02,-0.2642758964682168,-0.6752447066392873,65.71340525055267,30.432880782888237
2001-03-03,0.03568043300757906,0.36311871408886054,66.06124999425126,30.79243164297673
2001-03-04,-0.9523633130000658,0.10346900834977374,66.07611781023128,31.59471658643752
2001-03-05,-1.012527499906464,-0.8291588893690289,65.70108852144081,31.9461786479759
2001-03-06,-1.575630988353443,-1.177485117851368,66.31390750715303,31.83611132887377
2001-03-07,-1.3804823533778066,-2.1930909056708456,66.07290782684935,33.177772612599526
2001-03-08,-0.649862611893744,-2.222267799818669,66.19110611169216,32.90731838264043
2001-03-09,-0.0764512433145399,-1.7100560508937601,66.93980605737013,33.17679569092995
2001-03-10,-0.48705577215862494,-0.9633929759363273,67.39742919542829,34.53195270013886
2001-03-11,0.9789631063999208,-0.33014456791502234,66.95344116724675,33.70327720545599
2001-03-12,1.4226546490949388,0.5141260445200172,67.22326954686739,32.43262979490571
2001-03-13,1.3693675896695223,2.2715167628709914,66.52106042234502,31.914550272280714
2001-03-14,-0.7969354022532478,4.501316084067799,65.32904949010369,31.659743913314184
2001-03-15,-1.0873272090354709,2.9364134303294507,66.14452395966768,31.48641431708975
2001-03-16,-0.05752485781532268,1.9921138235566254,66.86483441049907,30.619441339027347
2001-03-17,0.011623728073844708,0.766495676247787,66.9088835539871,31.055702551304552
2001-03-18,-1.224498394820836,1.8275149075481596,68.92103989658702,30.197430368939514
2001-03-19,-0.442065319110577,2.861232410383736,68.42134807073333,30.18467274523549
2001-03-20,1.159104579831299,1.9841368301770066,66.51042332782292,29.815075503822868
2001-03-21,1.7377088312974824,1.0749083785739038,67.13835218295532,30.03009851125816
2001-03-22,1.9823080652204164,0.1189685853416329,69.8247537036647,30.37385082432677
2001-03-23,2.439735166592095,0.823110526613968,71.03251468292416,29.634577032678994
2001-03-24,2.9193834683409157,0.5029842668076165,68.04074236680786,30.952568639196326
2001-03-25,3.3135729570956096,-0.5235150246306977,69.90144950454827,31.37034027208967
2001-03-26,1.8141200005762241,-0.8166873017400771,69.3632792216683,30.04017540307995
2001-03-27,1.5986675848382004,-1.5809965850948597,69.46242285355714,29.007407985658265
2001-03-28,2.2195186165557947,-2.721731329876487,70.33424557707096,27.98526262302419
2001-03-29,2.2061646880215844,-3.2404633497626834,68.5356586712181,26.817064747164643
2001-03-30,2.0969709472108193,-3.91766923410135,67.8390415465198,26.332442124913655
2001-03-31,2.98682375403651,-4.900244804612512,68.39589960058585,24.473202790810305
2001-04-01,2.8426775432761544,-4.652711119716993,68.49314852214604,24.408242977801088
2001-04-02,1.9061721088585153,-4.907154290671231,67.38649325620338,24.898984059163247
2001-04-03,1.1960266841416174,-3.877509354598854,66.93458473495694,24.778047460605897
2001-04-04,1.1900669274419424,-2.574689536394115,66.73684300311623,24.844534124024722
2001-04-05,0.8228014477291821,-1.2188296156094591,65.31283457546915,26.304633273154522
2001-04-06,-0.4119730531737402,-1.11007681131368,64.23810717586892,25.360987163050286
2001-04-07,0.7497283547361575,-1.4150124703848723,64.34119670563543,25.662725701765662
2001-04-08,-0.20516699165336472,-3.0715852034467344,63.682713647713605,26.480583476384734
2001-04-09,-0.12350829777016908,-2.99168123374091,62.393769662980354,27.29033141589544
2001-04-10,-0.14755306231489398,-3.3320290507925545,62.411100206750476,27.636136884184044
2001-04-11,0.28260676608718804,-3.5276741669498235,61.78767480627149,27.424688254702414
2001-04-12,0.006568838333613769,-3.525597661080614,60.212154863820714,28.079218748948627
2001-04-13,-0.28587073195171525,-3.682854723769284,60.06865182597057,28.077449482272037
2001-04-14,-0.6733762496729301,-3.872663339664195,59.80670818131156,29.461778252835153
2001-04-15,-0.37338454050456,-1.7515822153352731,58.740056702720516,28.87732451093238
2001-04-16,0.4436118361613604,-3.219985878641348,59.38177645783873,29.333509027561885
2001-04-17,-0.5590937500098687,-3.0567615479160657,58.84674270986206,31.257937667236096
2001-04-18,0.5370047576470389,-3.304809924253639,60.361200876560105,30.14878265745816
2001-04-19,1.6186431321290795,-2.8239489566257645,61.16696592394173,31.227294954521106
2001-04-20,2.3797479101780374,-2.5643865736568645,60.18543165886264,30.609918890408256
2001-04-21,1.6622955479474935,-2.1453107004056875,59.491444663922486,30.735652730748633
2001-04-22,1.3191410830473678,-3.519011351916922,57.09744507153083,31.506536625008284
2001-04-23,0.7580251531614423,-1.9267845125033023,57.975496393435094,30.807829945075028
2001-04-24,1.4085425470136097,-2.293204931650638,57.41793757639662,29.055723270957753
2001-04-25,1.9647024469895578,-1.3495284297809493,57.252448819883625,27.8829802644463
2001-04-26,1.3472802086188527,-1.1521086490070016,56.36719273122235,28.692597186749985
2001-04-27,1.254972265998072,0.2928812910055665,55.045776830307716,29.063825116811955
2001-04-28,0.19862896674320418,-1.0946455407575257,53.957078362285586,29.57396050875181
2001-04-29,-1.3741758576738081,-1.508014051521066,54.01646811410945,30.86618685699297
2001-04-30,-2.3485765155163785,-1.9706547335723479,56.36958113755247,29.84554783991079
2001-05-01,-1.3733190901898187,-2.5394783787092727,54.237952337912006,31.117063687754435
2001-05-02,-1.47043427470821,-2.129803477413356,55.94969069119788,30.916691580350484
2001-05-03,-1.2256922201037803,-3.4601636670082154,56.30140826312865,28.37519218713587
2001-05-04,0.5019368237594466,-2.2428575250289673,55.65584868717504,27.39675970504058
2001-05-05,1.1817016834919145,-1.7356505908334938,57.58780048575979,28.61207471747368
2001-05-06,0.8113078569789228,0.7273567519810062,56.68684867354565,27.447673667243844
2001-05-07,1.4065195895586637,0.4849185301249068,56.266083538811536,27.494069853906236
2001-05-08,3.505468166398023,-0.4467325774932436,56.94089884289056,29.038824084144753
2001-05-09,3.030165269323195,0.400304549150748,55.27458873873812,27.695375624131145
2001-05-10,3.8118599211755586,0.3738022745371899,54.06948286575895,27.469766879993767
2001-05-11,3.0996546795221627,0.8520637832415379,54.71780614662535,26.737823684081643
2001-05-12,3.161839389633278,2.3054470198521733,57.146549552205435,26.16558448012049
2001-05-13,3.049214318299028,1.4090349017012604,58.31323336204849,24.470195167557677
2001-05-14,6.307130376790365,0.03160053581836286,59.52020215016264,25.52883000446573
2001-05-15,8.236671976517938,1.6519881518987887,58.132112906261725,26.314265344724173
2001-05-16,6.769541437214613,2.545276073499732,59.03184072801653,26.216146020673172
2001-05-17,5.670602908872377,0.8968083209843727,59.0801950350554,26.16241957056739
2001-05-18,7.114506834705897,0.02238976418401406,59.2543838383551,26.97359621848317
2001-05-19,7.478667373629357,-0.6887077673320299,57.931568885464095,25.886154712860915
2001-05-20,8.72418369318898,-2.232327026038766,58.235257463242384,25.4823883240621
2001-05-21,10.039300223673067,-0.8239048466020842,57.73497678535901,25.591670915498792
2001-05-22,8.981889399028256,-0.7294652044535904,58.866254895579495,24.158026583494582
2001-05-23,8.89153976558497,0.09867800078823041,58.46761616267473,24.94145858072557
2001-05-24,10.098544023116798,-0.27290754187100535,56.43894307348644,24.929758596788517
2001-05-25,10.94422382576234,-1.1729979627135525,56.885729144014334,23.47224249020591
2001-05-26,9.913603030090606,-0.7376537582968812,55.547074425206745,23.536009388422553
2001-05-27,11.540916202929182,-0.46518643260199977,57.135014449927695,24.26584374286861
2001-05-28,13.655182902617854,-1.3306786406159459,56.79772111771252,23.8811940688614
2001-05-29,12.41174445518524,-0.21761775513794235,57.94528868752902,21.745405235732758
2001-05-30,11.61666175209244,-0.06038085473894156,58.71965321934972,22.189598193987123
2001-05-31,12.813852723858975,-0.47513756378977406,59.79264150271432,21.480361565770593
2001-06-01,12.665916531917876,-1.838870579072854,58.852968173925056,21.87187242737275
2001-06-02,12.44977578434906,-2.411949830169133,59.32903495170232,21.078071403974697
2001-06-03,12.778599283248205,-0.5827719542238927,58.33401822556858,21.23319565022802
2001-06-04,12.976633814884478,-1.5724943491968997,57.132992023461966,21.777512964853273
2001-06-05,12.556496830023288,-0.6056234822549335,58.85612703773303,22.260230165777724
2001-06-06,13.816459642146427,-0.34016123711663576,57.83599986038302,23.53209059027809
2001-06-07,15.04920077428816,-1.1082787000779748,58.56379241916218,23.6691729624706
2001-06-08,14.180704930918823,-0.6997483141727145,56.96580296141267,23.001635098104163
2001-06-09,15.736831629516942,-0.604448670594782,54.721981955082015,22.675913327327425
2001-06-10,14.360776261356998,-1.2517896529269104,53.786579962005185,21.286828407955138
2001-06-11,14.41462926454882,-1.6864571505353312,54.994328135060165,19.742190279640297
2001-06-12,12.872062267994423,-2.6906363963570605,54.50332032925259,18.709709264331607
2001-06-13,14.332355435779643,-2.875961593549108,54.29443467889386,16.408367224080287
2001-06-14,13.951836507512407,-3.5232804331922067,54.76488295231013,16.221867091141966
2001-06-15,14.227122926236508,-3.6630560267766596,54.43198804477858,16.8710809119284
2001-06-16,16.26643713643085,-5.409317400532406,53.49063613232223,18.557347800316716
2001-06-17,15.313362527854176,-4.649269005822625,52.95590668436786,16.589059696713164
2001-06-18,15.260459441995332,-2.447092059472471,52.20411390354889,16.05495724965976
2001-06-19,14.116828562828868,-3.079176968509932,52.606989050313395,17.094684152173777
2001-06-20,13.514688232420008,-2.8625193201162444,51.961138483673004,17.96456215749597
2001-06-21,15.734139100479418,-4.646258753711632,52.70829830317837,17.6020411029369
2001-06-22,16.148551885336847,-5.545818067011647,51.80210479978837,17.26532137272432
2001-06-23,16.799149291496903,-4.441362684695273,52.81857103369109,17.736832611309666
2001-06-24,16.252139626925374,-3.5742616486017456,52.9814878587635,18.55797428725274
2001-06-25,15.646308294204252,-3.5470051007647987,52.529535737448484,17.741909115531378
2001-06-26,15.301360179080715,-2.847346234582011,51.37041513990407,19.201814601195963
2001-06-27,13.615389218731568,-3.955327580696433,51.48225345197818,19.504110489329577
2001-06-28,14.612037350507448,-3.6103485679357625,50.52773826622136,20.00889840997899
2001-06-29,13.922981737231266,-2.5083167292699744,52.00873154590478,17.448508728397503
2001-06-30,12.974642803891584,-3.4641336850663618,51.868272014690284,19.052534906432836
2001-07-01,11.612346723892315,-4.7020808548464075,51.879978628231704,19.26021799799918
2001-07-02,12.242596480815092,-4.412742229235271,50.978177762569096,20.12396569991994
2001-07-03,12.24274387444819,-5.3549998521675235,50.35852211757256,19.22244462408146
2001-07-04,12.422899128997486,-4.366526756420994,49.963805516795205,20.165144507827982
2001-07-05,12.42201259004951,-5.649147164312193,49.711738191280034,18.67218923644323
2001-07-06,13.504636621087753,-5.009296483258718,49.819692040951544,19.605825815916738
2001-07-07,11.920424603203928,-5.379510936466371,49.730365278807994,17.258038905539532
2001-07-08,12.456146054571137,-5.7570413790369805,51.35555882171715,17.12373953258402
2001-07-09,12.654627173605054,-7.521585049630383,50.44497688229559,17.71236142065054
2001-07-10,12.777644936014294,-7.743693182774328,50.56797518636357,19.24896040684253
2001-07-11,13.076631868546711,-7.9135280307816585,51.01634867288522,19.234194212892895
2001-07-12,13.786995141463354,-7.491517079525707,51.952950831848376,19.252895823977383
2001-07-13,15.157666129917446,-6.075108203420129,54.101677805193326,19.273029854423434
2001-07-14,15.151829503674357,-6.396774413549839,53.32933507308807,18.410174712335966
2001-07-15,15.431167489315579,-5.984215414295605,54.02675543560676,19.060123817006833
2001-07-16,14.39704086184914,-5.669218644600768,53.14691804886393,17.110504910008398
2001-07-17,14.413766955412163,-6.05652023643006,52.3147592943659,17.036810637766685
2001-07-18,13.665101812804178,-7.102830937066486,52.988999986047396,17.411177501542333
2001-07-19,14.740130571169763,-6.906921877054233,54.107244922541014,18.134898511807943
2001-07-20,13.50695056296098,-7.613971250689986,53.01795659454649,17.920082841824232
2001-07-21,14.855362448613834,-7.921473180822022,51.94021603421599,17.363333813462816
2001-07-22,13.143883902243255,-8.549848592340643,51.44488640184355,16.97622171005494
2001-07-23,12.077395533493874,-9.248942458181483,52.65387104187664,15.985163895187657
2001-07-24,11.36413494638372,-10.163015447626366,52.759740147245,16.963662103412016
2001-07-25,10.400675756538407,-10.37726791097658,53.68853548978059,17.95258787432348
2001-07-26,10.546901537115577,-10.377785269187207,53.69844426520116,17.228169126865158
2001-07-27,10.252629720916056,-9.964116894270933,56.13848735893584,17.440918418139486
2001-07-28,11.229037362575522,-9.411604452291986,56.13813557009843,15.934085139056672
2001-07-29,12.891428651985468,-8.730074072799036,56.032018930978495,16.20339711921282
2001-07-30,11.486136013008206,-6.988775727862303,56.77384103790181,14.774086192555199
2001-07-31,12.2360353545331,-7.799410634920261,57.013041446312315,15.867689388306111
2001-08-01,12.101526562789363,-9.016813544302671,57.37164168317041,16.042580704705212
2001-08-02,13.465840129113825,-8.817302480725713,59.372066350750856,13.950996132039862
2001-08-03,15.056909201011376,-9.509644984912876,57.32601753379217,13.747638572979948
2001-08-04,14.260248374012885,-9.126271903989743,57.71614814581272,12.804645435623671
2001-08-05,14.673671698808914,-6.44716918556452,56.850314883917065,11.817965522368711
2001-08-06,13.809456848891324,-5.757677712572697,56.57267350050039,12.506561613190467
2001-08-07,14.95871754583847,-7.517770083300469,56.12271511471474,13.435022192150383
2001-08-08,13.495710977152992,-6.855935113899617,55.33956948791829,13.150474481476161
2001-08-09,15.863500317691908,-8.033527219346562,55.26539840703739,13.383000170848558
2001-08-10,16.38048393594364,-9.565862683567328,55.344618372339404,13.942588770476943
2001-08-11,17.269866747818078,-8.266883961579113,55.34538381789607,15.909885806494392
2001-08-12,15.444336766384147,-6.466362834437344,53.262926627145724,15.407483584069823
2001-08-13,15.509135069886092,-5.538814944951571,50.99265760390945,14.552840670637506
2001-08-14,16.675378734516897,-5.5076172562425505,50.868945218234444,15.0092999195431
2001-08-15,16.876428750546985,-5.833644616609861,51.196268424200724,14.67955772042579
2001-08-16,16.319723698609476,-4.740464015276329,50.73974877828034,17.137783598804003
2001-08-17,16.020093715547688,-5.9646296372751735,50.75269693095173,17.638256851382074
2001-08-18,16.700702760653726,-4.737750622171992,50.727866311169976,15.355223634379929
2001-08-19,15.717583318922928,-5.154854773862067,50.54917025898342,15.400134990443464
2001-08-20,15.442815629269838,-4.2222172542530645,49.40882750412575,15.155000462634197
2001-08-21,13.783923235945778,-2.7418225931772326,49.53069394974997,14.948587276693885
2001-08-22,13.982253063903128,-2.090263274793218,49.35672751774363,14.972093623153588
2001-08-23,13.88691079826688,-2.3453524084286794,48.72739568915974,16.51729009013438
2001-08-24,12.885481410280148,-5.2002216717843375,48.539594080169024,16.5542470248877
2001-08-25,10.595703041002242,-5.755786622142625,47.43188981193274,15.15761904700083
2001-08-26,9.615124105885943,-5.625053507713587,46.810408905334846,15.02386466198152
2001-08-27,9.492818848689536,-3.646963601476947,46.769675119735275,15.687188106843575
2001-08-28,9.906274402689784,-2.1213863316413857,46.62839225821787,15.419974534882819
2001-08-29,10.326665312251535,-2.089152254467685,46.46491129314788,15.970028681489305
2001-08-30,10.516834078111511,-2.8357592287663373,44.904801965293316,14.823694808292583
2001-08-31,8.928935524662142,-0.483542303624799,46.095990105891545,16.12144060467563
2001-09-01,7.974849852572874,1.2738689718992982,45.77167222165298,16.32880300942185
2001-09-02,8.861909137748025,1.054464807957507,47.60496458289279,16.409014686019823
2001-09-03,8.100694111076093,0.80625670074899,48.913800494874394,16.27183419987297
2001-09-04,7.86425577662883,1.5555321744038193,50.18195427795929,13.968098790660969
2001-09-05,7.473035473110809,0.29472062193041015,50.65549291809748,13.182872143833405
2001-09-06,7.890862683260772,1.9187651609112886,51.408814659605234,11.898801735661557
2001-09-07,7.74368364727722,-0.3871368115653484,52.2705071166966,11.332089691453591
2001-09-08,6.6747527409364285,1.2241177501090144,51.91849543920916,11.44164586593723
2001-09-09,5.913842091391304,0.05619887207404162,52.5012766626672,12.605349429240965
2001-09-10,6.56430688220013,-1.2109502958118687,53.01207488124383,14.148614561241498
2001-09-11,5.818037973502147,-0.8751316964229503,54.540192648786366,13.417387136644162
2001-09-12,5.678390849202948,-1.2397003301745577,55.80713427091363,14.101939286469586
2001-09-13,7.011108032595044,-2.268437232664799,55.78853299235996,12.569252445566523
2001-09-14,7.766779490453662,-2.894723187649917,56.043015844580566,13.464089509564229
2001-09-15,9.290618042380459,-2.272067491125748,55.85523653097872,12.771571539132424
2001-09-16,8.417376132255786,-0.6116239143854314,54.871049556922316,13.671911400243802
2001-09-17,7.846062596283534,-0.27834704249255793,54.7733163248537,13.472754462667103
2001-09-18,7.921685634125411,1.9220450719266564,52.95730518376587,16.39960473084927
2001-09-19,8.709500827053802,1.118805425520882,51.85497680918391,16.492979048085825
2001-09-20,9.765715033313345,0.8103875415796448,50.877137478018234,17.175498466629143
2001-09-21,8.740525773366084,0.657035555698499,51.377631743768326,16.354579832011755
2001-09-22,9.56546524810486,1.1961063794545934,52.807541682194554,16.23665753327696
2001-09-23,9.607695562277435,1.5008791145708775,53.1779568144541,17.071169989334425
2001-09-24,10.85415420305397,1.1466800169455427,52.8956317050632,16.878424757525615
2001-09-25,9.830741751320673,0.44089250245904954,54.964381844725715,17.111605238548595
2001-09-26,9.195326012005575,0.3699828153340632,55.17277311272439,18.696605257755948
2001-09-27,9.274955954369457,1.4098596241958967,55.6973903972699,17.393062851843066
2001-09-28,11.078904295055183,2.8760608613082477,56.363166310144585,17.876530405210584
2001-09-29,9.604518669315782,3.661326185601612,56.107070694951915,17.89116003961551
2001-09-30,9.254259576821527,1.935421845258122,56.5188226132701,17.90082268087041
2001-10-01,9.205171902678304,3.4613108846161436,58.23155539529709,17.765357899069144
2001-10-02,8.964139109207105,4.463125432568032,57.82309019520091,18.68095789374164
2001-10-03,8.832603054959405,3.036236856196977,56.829774793749266,19.932092122944386
2001-10-04,7.683547819538022,2.326096914812169,57.80619228623066,20.701407456662942
2001-10-05,5.950804720937969,2.083367072544042,57.707369156930085,21.70175351700179
2001-10-06,8.111117466768974,3.3528750698262986,57.899280490439885,20.283814063600943
2001-10-07,10.361704178406125,2.4739713305739452,56.79239438219031,19.914181856796755
2001-10-08,10.269227323556676,3.3463381013636218,56.19738974800621,19.757697081386862
2001-10-09,11.190758460212514,4.815821585908943,54.299732176455684,19.101071980352984
2001-10-10,11.0705554456557,3.5263184280430013,56.39267495127048,20.051051175356708
2001-10-11,11.730886136691087,2.202898763905025,56.71705545519891,20.11896227803539
2001-10-12,11.663859441975177,1.3763140769036295,57.08216833040852,20.784041569978797
2001-10-13,10.82801821967588,1.1482800750372906,57.80990970275173,21.49954658283231
2001-10-14,10.179539184438337,0.0426116682905846,58.669356808586855,21.22481178989465
2001-10-15,10.941212264632941,0.620387322292035,58.676872863125425,20.9602636161055
2001-10-16,11.282760669342967,-0.17942325950943638,59.148960030158605,22.07545519863762
2001-10-17,12.64437714520656,-1.6657997718524493,57.50357392524693,20.404085433843274
2001-10-18,12.262258961086346,-2.747389329986566,56.169107734619196,20.927926294183443
2001-10-19,12.23598289424795,-2.5936259334969947,57.623380166949026,20.23798067309641
2001-10-20,13.491155331081533,-3.2953076946276516,59.24329437078886,20.13449647958519
2001-10-21,13.280918250410021,-3.5233748303015795,61.182973333698406,22.080554485896158
2001-10-22,12.896195713457537,-4.228041632662098,58.487190990501325,20.311646391806853
2001-10-23,12.843800041582943,-5.589929952742112,59.09536749543189,21.46340195563888
2001-10-24,13.547053507801127,-4.8718641629520185,58.54863794213704,22.14761054698365
2001-10-25,12.580114780534116,-3.814121399413154,58.830003714552134,22.194731032031797
2001-10-26,13.658001595597083,-4.349731064334698,57.18484317968772,19.988016457081375
2001-10-27,13.248094223076514,-4.565620544529564,55.498419686076254,20.583535844243908
2001-10-28,14.296181428213558,-4.235673769900153,55.9095519391696,19.928303995441482
2001-10-29,14.488529405015948,-4.465906134205816,54.31779955847268,21.007445135766726
2001-10-30,13.083346256072439,-5.123204714522453,53.565993033853076,20.733073092498046
2001-10-31,13.692192125685654,-5.90429885673748,53.06250048275975,22.29584131677761
2001-11-01,11.731669575957762,-6.26197561567319,51.52245140214781,21.055819488535626
2001-11-02,10.645550925080016,-6.1914496848675,52.41774466342376,19.67788323015932
2001-11-03,11.338016795275069,-6.025674636864105,53.64033234763418,19.60386962523538
2001-11-04,8.653136053007245,-6.767825054456692,54.261705301534036,20.689132686890858
2001-11-05,9.311262032190974,-6.479283772851062,54.22806451962808,20.957537748373305
2001-11-06,11.228681054126234,-7.118285639338119,53.6199524065061,20.700504982040897
2001-11-07,8.985838123137054,-6.264427641815187,53.02989056718436,19.185446879543488
2001-11-08,8.365868738179302,-5.4469994880181405,52.35205434271143,18.71668847123444
2001-11-09,8.965302224275332,-4.9993684947850445,51.26692739631078,18.382504958661055
2001-11-10,9.223229749676628,-4.498480149771434,51.41802209412843,18.537538469088762
2001-11-11,7.055094068869531,-4.576949754175155,53.22997853733248,18.345782727240888
2001-11-12,7.265679611023586,-3.675273669867,52.36426328085433,18.250686883875332
2001-11-13,7.388650952234401,-2.788923721479024,51.830893196642585,17.700418013860542
2001-11-14,7.116404515824084,-3.373367237112725,53.75681556057067,17.182128209069596
2001-11-15,7.3314836785635835,-3.5081849501938014,54.55678977161642,16.420830288321707
2001-11-16,8.657401665777728,-1.5094819327446634,54.58169921711877,16.65569799054872
2001-11-17,8.031207507523131,-1.5317697729403066,54.883268738948225,17.815350762899634
2001-11-18,6.936995710068483,-1.307244799755189,53.98960138655024,17.82318371985522
2001-11-19,6.401513133571709,-2.325691290906061,54.920977705514616,16.72206924680834
2001-11-20,5.728999940147701,-1.708940112472113,55.544718202351596,18.536968888338297
2001-11-21,4.829132447097287,-2.132711774556878,55.00384490647459,18.76184125466883
2001-11-22,4.4096334549672145,-1.9533375745236392,57.08339811994299,20.84455033339774
2001-11-23,5.486565849181375,-2.065298593413018,57.147995401437115,20.991449597982005
2001-11-24,5.508817847526833,-0.9359364660461114,57.810523304248576,19.350059288312426
2001-11-25,4.469445639899517,-1.1057427431984372,57.60615731512495,20.29657038627403
2001-11-26,5.826682627924323,-1.0343000993937292,58.43306993032307,18.550197835539887
2001-11-27,6.349868145079073,-2.2127437972829394,57.88419756023486,17.884423243760548
2001-11-28,5.206588927348015,-4.148753983854484,59.22039935037504,16.30704986734714
2001-11-29,5.713198927833025,-3.395104158547584,59.09481469611448,16.936054332063375
2001-11-30,5.498214958037853,-4.3434034525542415,59.60975529285789,17.970580338699296
2001-12-01,6.386886964499814,-3.7845244831683225,60.04026255886191,19.23289321404508
2001-12-02,8.351501041232714,-4.309963429547754,59.947626131657934,20.293344158578584
2001-12-03,8.591938396740398,-4.1678021102228024,60.857317077474704,21.679092281169765
2001-12-04,8.319559087707374,-4.279831301646094,61.921574148248176,22.403827594657095
2001-12-05,10.053953320326643,-3.248748712421678,61.84742009438449,22.343978406400772
2001-12-06,10.57169185886092,-4.088901413408143,62.951556578468285,20.754117319311973
2001-12-07,8.402107469394645,-3.7228697705786304,63.111063630867804,20.603846473102955
2001-12-08,7.821427339537719,-2.9620545846263173,61.126669955154235,20.340938599905467
2001-12-09,8.276175426896692,-1.4175157544248311,60.39093603139975,19.660141460255375
2001-12-10,9.012227547749568,-1.5792506804851971,59.524455423354475,20.483290325728206
2001-12-11,9.072054933818947,-2.6990079412561245,58.93054765877822,19.450690870151305
2001-12-12,10.37467336693899,-3.8699810672004604,58.71236833009233,18.63073543940732
2001-12-13,10.026958726778862,-6.005964075668997,60.050397446139364,19.52719915892625
2001-12-14,8.996683910415765,-6.977979625573233,60.539806822812764,19.6103189662961
2001-12-15,8.760723973452468,-8.265605202812342,61.01502272791088,18.194358320361555
2001-12-16,10.117152881957391,-6.826065603054263,60.773696265410386,17.387611048462315
2001-12-17,10.811799928857095,-5.933183084973858,60.0051241483559,18.523224371044133
2001-12-18,10.082218719541741,-5.805102461956864,58.766067600811816,16.62786479541937
2001-12-19,9.286523158841698,-6.7258612512560445,57.80965873655894,16.581815705236796
2001-12-20,9.841130604285715,-8.865024664872085,58.11969759475861,17.625184180085068
2001-12-21,10.566682386979759,-8.868463844028925,59.196179414693916,18.156245339566876
2001-12-22,9.906251576469685,-9.63363759484262,59.77250407926647,19.808021955480843
2001-12-23,12.6047176361377,-10.56219920220695,60.650712675309485,20.47821252140313
2001-12-24,12.056130076608872,-9.189349406856204,60.20155039031307,21.388974026694353
2001-12-25,12.015839862556673,-9.641353075352463,60.53891074360209,21.031346464078997
2001-12-26,10.778266247504792,-9.123565345872196,59.241629097684786,20.56613008789535
2001-12-27,10.952560425264489,-8.543773093867738,58.8018326504637,19.83206991836219
2001-12-28,11.005061631408061,-8.612931313509527,59.48910990174535,20.585172085886228
2001-12-29,11.555766181111851,-8.24063342768778,58.82054190790067,20.53153678243344
2001-12-30,12.426482509829206,-8.462997136815087,59.45453671649645,21.336902098842057
2001-12-31,13.456559208354122,-8.707684066249533,58.91138690959609,22.050996333735387
2002-01-01,12.807648491881167,-6.29372265823676,59.40342855984692,22.877222468584524
2002-01-02,11.646545259905984,-4.539083048619341,60.489513492733366,20.55252104733699
2002-01-03,10.4328717719897,-4.655950632596,60.445650720003876,21.9433258486628
2002-01-04,10.243219775790473,-6.153595690072348,60.823533232926,21.320932494867446
2002-01-05,10.900384003025058,-6.578853848522724,61.18840506117535,20.973797677703782
2002-01-06,13.051213188593337,-7.82346163525079,60.87362329741562,22.014356888078968
2002-01-07,12.855040188794144,-8.765344596199686,61.52451506000697,20.964676447613623
2002-01-08,12.780405075430426,-8.176854895451035,60.22264738834685,21.174932146162273
2002-01-09,13.895783749207792,-8.61492871338167,60.214482239471835,22.37118032383184
2002-01-10,14.377603583795215,-7.519967110639758,59.44202261704631,22.72164515880768
2002-01-11,12.498335679594936,-7.009409830847821,57.514768990868916,23.679298715983442
2002-01-12,13.616643082055823,-5.602755389420823,57.651326282805606,24.090482654166323
2002-01-13,12.833283379929258,-5.116257843798088,56.28864488946789,21.72743284457995
2002-01-14,14.34412394062399,-4.710340185758101,56.52701005787244,21.22206199612839
2002-01-15,14.25123456603527,-5.235544946173477,57.584726667967686,21.48108184710078
2002-01-16,14.986943879588594,-6.646150151813428,57.543682599065946,21.241059582799863
2002-01-17,14.455858280302518,-6.101489618971372,57.76973715676515,19.91169121978276
2002-01-18,14.69583214925372,-5.66305540718846,56.152540688048084,19.714493149567414
2002-01-19,14.503669001378844,-4.591708023585583,56.26603339561457,20.049939005689733
2002-01-20,14.649543343528336,-5.070060922856926,56.408943590269764,18.80292050674233
2002-01-21,14.915420057456036,-5.77494144754647,56.52444058341253,18.384018375875655
2002-01-22,13.632309447343484,-6.37365945862829,57.431241410005676,20.401230938617953
2002-01-23,13.370606139890784,-6.9116572949446615,57.83621992873442,19.601342606544833
2002-01-24,11.99782844499894,-8.18812806030748,58.013452410562884,18.82569450714922
2002-01-25,13.076979830961442,-10.888980528914429,57.26115948449511,19.051215111251686
2002-01-26,12.371500445154076,-10.3021463612632,56.943001766569786,19.14095313401465
2002-01-27,13.440521698494361,-9.200040627276255,57.0385778642961,17.913448629011917
2002-01-28,13.472424102580492,-11.059551508484496,57.005433739544046,17.80940463157553
2002-01-29,14.316757434417982,-10.842130358362127,57.0369105968732,17.411941081072527
2002-01-30,13.559988766393674,-10.248042689004272,57.409355959297585,18.197299309739215
2002-01-31,13.253614607107924,-12.112943578270789,56.54101515079919,17.12349981800137
2002-02-01,13.063030504506793,-10.348871302855189,55.88074989747698,17.66424684074299
2002-02-02,13.392309339445745,-8.565636192448217,55.623276696338976,19.44601645836802
2002-02-03,14.588409179859898,-9.69840733813176,55.24480011938345,20.233481687900905
2002-02-04,13.084691987309908,-9.604585176879452,55.611149214858195,20.406598959560103
2002-02-05,11.949114047054781,-7.835340920621326,55.359964838949594,19.987033118381596
2002-02-06,11.465175606547845,-8.819715705396577,55.80516685530629,18.140713177730618
2002-02-07,11.28988137620119,-8.490900968475628,55.60450599890248,18.934431485466227
2002-02-08,9.91467211267616,-8.801307668810937,56.24641526388033,19.263569525684204
2002-02-09,9.904363408790362,-8.246792092162963,56.44579893813953,19.72582162353098
2002-02-10,10.304940141392022,-9.339327782503444,56.19597198688858,19.684483153651865
2002-02-11,12.485513770903484,-9.637218291057206,55.58936651333207,20.73128378125504
2002-02-12,14.118810741370371,-8.247220692799456,56.046345896307244,21.04313207833524
2002-02-13,15.255289240765116,-6.8341566988986155,55.92060369635409,17.825971829333312
2002-02-14,17.232508297808813,-6.430677629489808,56.03922869215914,18.308561884129293
2002-02-15,17.628585766820603,-5.744563248319396,55.656638419784116,19.47245033110356
2002-02-16,17.459022175614663,-7.468802250234452,56.05904183774032,20.50014030914833
2002-02-17,18.921796219579452,-8.16510044168257,55.59833013676609,18.391982724657762
2002-02-18,19.2603176481877,-7.043927520250307,56.870196331982086,18.966541018050542
2002-02-19,18.48738318217013,-7.920753620298171,57.643693742616016,19.825706637040778
2002-02-20,18.568427613968108,-8.172178112203417,56.78990683703456,20.73933386192985
2002-02-21,17.465566906832997,-8.240694819358689,57.1503705291433,20.53373043924499
2002-02-22,18.421773903595174,-8.189125998657833,58.52626704537472,21.33075508395808
2002-02-23,16.874183185630507,-8.400482926485568,58.59643900581281,21.755613579280606
2002-02-24,19.314662372696976,-7.706049477023823,59.27533861932641,21.479475224496266
2002-02-25,21.22747676162012,-9.562258632008547,57.95402077311761,20.873213185318193
2002-02-26,20.11078337795678,-9.45268012859091,57.84666877048506,20.372930544064694
2002-02-27,20.18369310356696,-8.050412997524823,58.28773123451315,19.15161783123797
2002-02-28,19.886778479091085,-7.849454883915022,58.43379567724476,17.538441147929532
2002-03-01,19.743860924442256,-7.307916556096953,59.107124496303484,17.321546634005376
2002-03-02,20.952976606071694,-7.0394718015465765,58.23900186961856,16.47011922117708
2002-03-03,18.699057810780264,-7.434425549763421,58.52222674440399,17.609933329549587
2002-03-04,17.492766011026927,-7.139333504206735,59.205887346059775,16.416486764995167
2002-03-05,18.168152961857206,-7.733742276715766,58.51122042324386,15.51977675807481
2002-03-06,18.948700242594704,-6.990147977952997,58.40336953493079,14.895130676318173
2002-03-07,20.5681054011898,-5.336174458589201,57.74721052639508,14.581601250603063
2002-03-08,19.866407056408615,-6.085451931267317,57.460156063417855,15.128612505242858
2002-03-09,20.06760152599714,-6.006507020360401,55.13766289520768,15.426887258951648
2002-03-10,21.076419204130417,-7.381628826752046,55.706013766556744,15.923941380082757
2002-03-11,19.935031941929953,-6.156633611325543,54.84061777363208,17.184976040238237
2002-03-12,19.152841027757233,-7.697656356594691,54.49935055639706,14.29732771719809
2002-03-13,18.42424720926906,-7.583969444997184,54.56175934732494,13.847253013860312
2002-03-14,19.837054598022934,-7.09140613579904,55.57729670150165,14.42470032752304
2002-03-15,20.652977987994653,-7.162019675480901,54.78205278263662,14.11518662774645
2002-03-16,20.30817351274093,-6.853855584023359,55.69439853039822,14.516838993485809
2002-03-17,18.875979159405404,-7.041412285418736,58.49987773723957,14.536497995141739
2002-03-18,21.124730691468823,-8.041450936754915,58.15695982055061,12.897951285412507
2002-03-19,21.391894775829044,-8.31091870985525,58.83553614508094,12.399210041058094
2002-03-20,22.541878307288048,-6.694592906276276,58.34241604904827,12.210381579313783
2002-03-21,22.677251758932986,-6.8061693711717,59.31743417369133,12.36158372260454
2002-03-22,22.50521889034081,-6.166778190648045,59.906442440660264,10.219731598502207
2002-03-23,23.043373570646082,-6.342196272399707,60.63950960954957,11.330758880593304
2002-03-24,21.002344651966503,-6.607037519946912,61.05726007688355,9.245386212269683
2002-03-25,21.734720783146077,-6.962695524343737,61.07386549578646,10.084845583935872
2002-03-26,21.42333809551708,-8.489713123910875,61.978607928623106,10.961564512595505
2002-03-27,23.352616712761293,-9.76630706665522,61.03494784762895,10.17360119297544
2002-03-28,23.240660945281643,-9.73545694591024,60.68621794555653,9.439472371106604
2002-03-29,23.291529323479786,-11.017303493088605,61.07867999377047,9.652490679068059
2002-03-30,23.987036733492186,-12.62467157629986,61.249157403295975,10.738066253539746
2002-03-31,23.62656538419273,-11.394483387181758,59.88867579178849,9.909059769670819
2002-04-01,25.181018624036763,-11.424832823134523,59.59895611896811,7.629916111266315
2002-04-02,24.504360546884723,-10.271947712603868,59.6873161979285,8.157657332628046
2002-04-03,24.940725590096484,-10.462800968170086,59.53529428943759,7.012448181204004
2002-04-04,23.811026084022508,-9.83511203740184,58.11497840184283,6.650720648077459
2002-04-05,21.752060477320114,-9.886763623839773,57.148642770944534,7.48904985944767
2002-04-06,22.58662103878288,-10.969652597922945,55.888790312780486,10.596525047475486
2002-04-07,23.06228040281483,-11.006843182505285,55.56064980441375,10.734876189033129
2002-04-08,24.14193402882023,-10.765886288424683,54.725005786393154,11.98781842648289
2002-04-09,24.81181152068463,-11.061363629392762,54.94498943293324,10.427495180744993
2002-04-10,23.63732988285106,-10.930924493120076,54.18548008547791,10.911118338141618
2002-04-11,22.14807385231696,-10.525031126417142,53.977749183021004,12.306685504029193
2002-04-12,24.125012212150754,-10.339643585754215,54.44300007495705,13.113625572685851
2002-04-13,23.50205502940107,-9.601220376354997,56.12412473395338,13.85945277787753
2002-04-14,23.596065498016372,-10.277821196935054,53.951236825477814,13.759051389864949
2002-04-15,24.783700029694145,-10.896525793277272,54.56106592148899,14.383508902127707
2002-04-16,22.823954824964254,-11.474666781325114,55.546680887469016,13.940659966627047
2002-04-17,25.248022932468274,-9.687781700281379,54.480504363235816,14.22222248629719
2002-04-18,24.81343238574945,-9.895720616348848,52.94372377481367,14.307834620467048
2002-04-19,25.471989022059038,-11.732165075933809,51.95803600222808,13.574559857367614
2002-04-20,26.071550463838445,-13.478848531420896,51.3846372121878,12.34410023182526
2002-04-21,26.541183101318747,-13.717004503400974,52.78295582903922,11.523344442986566
2002-04-22,27.509437623585708,-12.783195605957966,53.02729305430269,13.410214090759062
2002-04-23,27.138634014542774,-12.403269540643446,53.04078598995633,12.028908363779525
2002-04-24,25.71506696799302,-11.083949262207545,51.91871215806225,12.59507677463092
2002-04-25,26.774601457414917,-11.206568796663644,51.67645648203744,11.644301692035784
2002-04-26,24.97625668578996,-11.50671709183903,49.990264045266876,12.331088000531956
2002-04-27,23.184446925950645,-11.572811554503765,48.42058765123773,12.65513237874698
2002-04-28,24.331068902781908,-10.938451982519073,48.239090144712186,11.853726070053856
2002-04-29,22.40114188237406,-10.494636439840066,49.92993329798461,11.364634090457056
2002-04-30,24.45390062093334,-9.756525316982781,48.28171761195791,14.166490520777463
2002-05-01,24.73482889624584,-10.765451063478109,49.24605784781155,12.22522418384552
2002-05-02,26.61398366150052,-10.172794030529463,49.05246949768475,13.99848371251243
2002-05-03,26.727570916833894,-8.6120133021201,48.76618651968598,13.333090002445312
2002-05-04,26.290610669417102,-8.878399384293356,49.88793763106612,14.163539989376725
2002-05-05,27.886447944975508,-9.74715563455583,50.03727843961609,14.846608214429413
2002-05-06,27.34141355925759,-8.779894437950428,50.05944632227296,15.309276332764064
2002-05-07,26.007848343507288,-7.733426886305291,52.17547073325962,15.32284133500891
2002-05-08,27.07898877743491,-8.567996222866975,52.54970851626086,14.001517834898278
2002-05-09,27.693283306586927,-9.62605227456376,53.931668203653835,13.218995084438273
2002-05-10,29.642276908478756,-8.165931952753835,53.312117644734045,13.989232398864678
2002-05-11,30.428356771140834,-9.144254881993566,54.699717224172986,15.196016761267144
2002-05-12,29.441869798512762,-8.684562115334298,56.533673952814915,16.295094452249337
2002-05-13,29.67903585438606,-7.865648310793267,58.686064268626126,17.55192698105584
2002-05-14,30.25556623605124,-8.303189794459078,60.94534623789138,17.98388756623204
2002-05-15,28.491894693441388,-6.686789335390188,59.63312230093659,17.376679655197538
2002-05-16,29.649888124074213,-6.073340971981006,58.379602509397486,18.940082632696097
2002-05-17,29.306193844007392,-7.1991059449350585,58.79960918486401,19.765895384814414
2002-05-18,29.451733672707515,-6.636441254738739,58.60933906322234,18.84418725762902
2002-05-19,29.848752690280637,-6.164602028025887,60.572114659894346,20.918241725393006
2002-05-20,29.322788022199962,-5.798615071798273,59.84347046157781,19.85198930771671
2002-05-21,29.275052234728943,-5.994313513925078,61.3460286862339,19.024947893340734
2002-05-22,27.76693694613409,-6.700605158861377,61.48969334102729,20.12448031907783
2002-05-23,27.413130431937418,-5.770980340438539,62.00603928426534,21.152040970215754
2002-05-24,27.985023143622705,-3.929316748813058,62.077176386643465,22.22227414951825
2002-05-25,29.440552879174593,-5.518331987379684,61.22244475084452,23.307242490015447
2002-05-26,29.74185227832214,-6.080116839555222,60.823359718107575,22.61037986200984
2002-05-27,29.12094588909634,-6.774054375496854,60.0884306087092,21.647120808468777
2002-05-28,28.63536436615977,-6.060002854585297,59.357677456440896,20.817980498311606
2002-05-29,29.53120899740366,-7.5483369228314805,59.836944680713025,22.272782290883676
2002-05-30,29.211252464717614,-7.08108001877621,60.402392905016995,21.416887944555054
2002-05-31,27.681592254019073,-6.486260755817551,59.861470627719484,19.81364329590949
2002-06-01,27.127082335348227,-4.520762792354541,59.068009093898084,18.458775881531512
2002-06-02,27.425185057407486,-4.191110646365446,59.249837003316486,17.49499763094354
2002-06-03,26.642684365650705,-3.5167279350111733,58.16003528438422,17.176919282751896
2002-06-04,26.711668329731474,-5.243878552899366,58.51628101200382,18.97110488973325
2002-06-05,26.644766864404993,-5.630170564948359,58.40548461211663,19.44338635140504
2002-06-06,26.542355452115594,-3.498336328778619,57.362504496970786,17.66032191749255
2002-06-07,26.342569293897316,-4.818917810871106,57.40002366554384,16.512248666391997
2002-06-08,26.38603908013463,-4.154308736546928,55.59380206562536,16.321630065122456
2002-06-09,26.197246952784365,-6.32230672135969,54.07635583375146,16.098557918530854
2002-06-10,24.93003733829199,-7.215607417554922,54.11897184486098,16.851798082231245
2002-06-11,25.22455305074233,-6.937677307446128,54.010616551859414,16.652886015987427
2002-06-12,24.986374397932902,-6.15222623219952,55.566718025317265,17.45413389556679
2002-06-13,25.727048641926057,-5.712089788087479,55.86273342951916,17.93881291556116
2002-06-14,26.49560110937029,-6.070728181494106,55.22203921653936,18.689610897394868
2002-06-15,27.101473439067874,-5.978260559385601,56.71188376927568,17.989265914410513
2002-06-16,28.963236883194966,-7.304312110105233,58.34872455133385,18.06257227622728
2002-06-17,27.71163197185793,-5.8719639638965315,59.094958583823605,18.60961325880565
2002-06-18,27.39618332721951,-8.415511289359081,58.436248592855414,17.03109783547956
2002-06-19,28.311082519170014,-6.715411324667703,59.232921141896234,15.725274513229627
2002-06-20,28.36698868862292,-6.557582579320967,59.71520681829512,15.998929938145634
2002-06-21,28.929231655527968,-8.233056501926718,60.08613832412665,16.67108344612423
2002-06-22,29.237539878017717,-9.85898376277866,59.62953709341815,17.148671981575276
2002-06-23,28.73538899651644,-10.545088685208908,58.99007753636474,18.31777730437454
2002-06-24,28.461582573249867,-10.97534534762849,58.25592918247633,17.279133681006883
2002-06-25,30.040195588873523,-11.607307705942105,57.629598743079825,17.725117295034828
2002-06-26,28.480763206742335,-9.664920684778533,59.34960166800155,16.07881195625359
2002-06-27,29.409892416927786,-9.953850007941076,60.304489595154635,17.017244103163566
2002-06-28,30.12778467445178,-11.979802613078434,59.62926284089829,17.849772003864043
2002-06-29,28.876786267088377,-12.507240315862822,59.48106738792412,18.17887314141591
2002-06-30,29.467513892170075,-14.575197606086256,59.311301390556395,18.396544621984074
2002-07-01,29.69354778741831,-12.741926538346595,60.22270875889427,18.42923081831721
2002-07-02,30.074216155624953,-12.65845197415148,60.56748127279473,19.476942972917996
2002-07-03,28.687961255900433,-12.4905309118993,61.21633167483539,18.1860461658207
2002-07-04,27.34739260603623,-12.968964328844068,60.5306863622424,19.436382951051968
2002-07-05,26.839620586415055,-15.02325722118896,60.83264238737682,17.984092134342138
2002-07-06,25.80229086892522,-15.73949576520146,61.42788910533922,19.056383254326597
2002-07-07,26.565078554890178,-16.062927390671014,60.18871933943343,17.976999150605327
2002-07-08,25.361676401739054,-15.888577342426458,61.67519980854081,17.549441020415745
2002-07-09,26.855894223553076,-15.77241820287126,62.327891631965635,17.406660904875405
2002-07-10,26.82806452711919,-15.639646616568525,63.01769476078821,17.915800222939737
2002-07-11,27.389354402146065,-16.66417103651162,62.29755451799709,17.885198947827767
2002-07-12,28.15014148556932,-18.18968209640359,62.211162620863554,17.90129530853571
2002-07-13,28.7102333137257,-19.19897857949094,63.035792880408266,19.856334421078476
2002-07-14,32.009665813747496,-19.323259554732697,61.71864225750217,20.422120724526586
2002-07-15,31.351849955318286,-18.361886064307786,60.85611142308012,21.451270929564007
2002-07-16,31.219613184252502,-19.230778967630517,59.864121868765885,22.0896258211676
2002-07-17,30.550954326976083,-19.515752107341783,60.52720120621834,22.588659937967602
2002-07-18,29.426234908827794,-21.004417966164844,59.40365115641653,23.813549071201265
2002-07-19,30.922042681635673,-20.549376369290673,58.22990990101357,22.737432922227754
2002-07-20,30.29073062248699,-19.39604098244441,58.56091703503909,25.00982910864672
2002-07-21,32.11007747366831,-18.989157742089834,59.25111300157087,23.256205117117325
2002-07-22,34.47027515370293,-19.906953322958167,58.30007615959778,22.241400950688572
2002-07-23,36.347091210479704,-20.07286165385009,58.89506605038364,24.379941131683058
2002-07-24,36.12428534424264,-19.247101231916737,59.32785972430806,23.35972573080172
2002-07-25,35.103929222914935,-19.98222581001804,60.18698223479999,24.254346959348926
2002-07-26,33.75358980471204,-19.65949919721847,58.538134683154375,22.578000291341226
2002-07-27,33.795613543977296,-19.875476661227676,57.46854685156508,20.785380559540513
2002-07-28,33.53214828270929,-18.5067882130464,57.818590821993695,19.93875501005256
2002-07-29,34.97097927890063,-19.85450565804002,58.53200304365943,20.873955520042777
2002-07-30,33.19435353619685,-19.390130233568904,59.66759526597464,19.840880727363928
2002-07-31,32.95762813128666,-21.180078646217567,59.1059326669391,20.153391941678823
2002-08-01,33.64437487962412,-20.255476703702875,58.89471943742793,20.27628223317518
2002-08-02,31.845580176368365,-20.135883689830948,60.14396942448092,20.95373883462022
2002-08-03,32.986765420023076,-20.14597047517382,61.248092018153606,21.783634040231515
2002-08-04,32.756049200952006,-18.915474098985875,59.004292283381076,21.860010998893546
2002-08-05,33.53546575504491,-19.343918954421625,59.776264360825834,22.24096195159438
2002-08-06,31.949269244661693,-19.856556192828165,60.85878510084441,22.962020894417382
2002-08-07,32.51799507339991,-21.2712942983635,60.34863960949378,24.679982359174698
2002-08-08,33.990005764155825,-20.29255212325289,59.099869186377845,24.44345619993966
2002-08-09,34.36120407344379,-20.69381736520184,58.07221493884453,26.526012403479342
2002-08-10,33.85840093497824,-20.49170135222323,57.32916718189622,26.539120318011733
2002-08-11,34.287985014189644,-19.95605221231021,58.99865208482471,26.032161760504543
2002-08-12,33.96083438519638,-19.52034185121708,56.449897162170025,25.525540324196875
2002-08-13,33.71322368589888,-20.15956046590074,57.20745728254802,25.197377691160533
2002-08-14,33.07828765207259,-19.201814016802167,56.914295472384275,24.58144496984228
2002-08-15,34.45315039461562,-19.929826441660524,56.621213897261846,25.56594779017609
2002-08-16,34.84039693912997,-18.89469829755466,56.29654770137545,26.77327226226859
2002-08-17,36.26053315145871,-17.90511820095412,56.13591316891223,24.741509312788878
2002-08-18,35.58372590827039,-18.81191677400041,57.55966149757725,25.471837155092807
2002-08-19,35.52838074314591,-18.959877755142774,57.334427084279646,24.32664656473395
2002-08-20,34.07295231036055,-19.41069229906885,56.14007290468091,23.357503568496146
2002-08-21,33.13505890550943,-19.5370917987785,55.01773444045227,23.858121586068606
2002-08-22,31.94917500979948,-18.720221739940833,56.35562567268824,24.77427686778438
2002-08-23,33.602751309124585,-19.539998122768942,56.24931962686653,24.961206693527693
2002-08-24,32.972950131897456,-18.343491672948748,58.15024428620096,24.43879573279275
2002-08-25,34.836352127667794,-19.33907516935125,57.001174333095896,26.58686872989398
2002-08-26,31.537233139875852,-21.286492386952293,58.219028983508544,25.223265087872864
2002-08-27,31.32489524641259,-21.270979785953465,58.53498871300759,25.568789437873246
2002-08-28,29.83532013375339,-21.6075839063062,58.19330481054962,26.202654188914458
2002-08-29,31.577580462040878,-21.15664159476512,57.46870346026146,24.412789576473273
2002-08-30,31.61043710858589,-20.50076459670314,56.095675499281356,24.44440227864853
2002-08-31,32.51696987719432,-19.785641056396695,56.22727776634776,24.291323754868152
2002-09-01,32.55265919855114,-19.018690166202646,57.96258135467071,24.70858686935407
2002-09-02,33.41194032162973,-19.277004152258673,57.93219556218684,26.325220802909055
2002-09-03,31.61885999344832,-20.27677185163161,57.930659210922045,25.92501977178933
2002-09-04,31.997236886309487,-20.687908463431828,58.879918806573244,25.518661939402538
2002-09-05,31.17406675786884,-20.847301542078842,59.94078858629008,25.489509402461955
2002-09-06,31.876074755936965,-20.673437523257185,60.57946387415723,22.62203758344695
2002-09-07,31.010866361963256,-19.87327043329275,60.267344354622374,21.125817739268534
2002-09-08,28.611170042631862,-19.970368572310118,59.473410096732295,22.005044553378657
2002-09-09,29.0643042688531,-18.220687886261537,58.54874714475236,22.488079887515248
2002-09-10,30.40833872807817,-18.46981796316838,59.01081228892964,22.88441594618908
2002-09-11,30.2628132211409,-18.629038224547145,59.95441502832681,25.222883895531847
2002-09-12,30.311444868368316,-19.060193520620512,59.88825974726984,26.0520920540864
2002-09-13,30.91765650673431,-18.966713862854235,62.113133993552985,25.037842832441346
2002-09-14,29.95550921303543,-16.450178049286144,63.04274306518967,25.077878570481523
2002-09-15,29.402661555805235,-18.056650636653146,62.182556430642805,23.751190402765978
2002-09-16,29.329411459917523,-16.99215649845481,62.13476413388093,22.7572715846699
2002-09-17,29.134664566055033,-16.57895065879528,61.95488659546642,23.729043691502213
2002-09-18,29.65865823662647,-16.629337008105562,60.90959164072608,24.011971279129277
2002-09-19,29.648605140502934,-16.754700567683674,62.60075487758536,23.769277185336733
2002-09-20,30.42226626415562,-13.307089219469418,62.79603961240996,24.58331051536441
2002-09-21,29.524815140542476,-13.34515959143195,63.070029105622865,23.604721123840083
2002-09-22,29.38792126483526,-12.269447298983208,62.61528082986358,23.425374395498316
2002-09-23,30.006862751231946,-14.201178644598397,62.278403009101226,21.937583388631896
2002-09-24,29.775620402285703,-15.450894607244514,62.810374970383734,22.542946709150545
2002-09-25,30.667196072644526,-15.937096424555635,63.130390976690165,23.050548383924923
2002-09-26,29.444639294408727,-15.075131054183045,64.34328241542778,23.501707101430117
